{
  "wasm::single::4": [
    1.0681509971618652,
    1.0296630859375,
    1.0152277946472168,
    1.1881599426269531,
    1.0470490455627441,
    1.1025052070617676,
    1.0462732315063477,
    1.2207932472229004,
    1.124000072479248,
    1.3006486892700195,
    1.3550052642822266,
    1.322033405303955
  ],
  "jsFn::single::4": [
    0.02734375,
    0.028316974639892578,
    0.025429725646972656,
    0.02870941162109375,
    0.025951862335205078,
    0.028840065002441406,
    0.02601909637451172,
    0.02575826644897461,
    0.027605056762695312,
    0.030518054962158203,
    0.03128814697265625,
    0.027617931365966797
  ],
  "js::single::4": [
    8.277303218841553,
    10.150067806243896,
    9.369495868682861,
    12.22118330001831,
    8.932662010192871,
    10.340678215026855,
    8.758316993713379,
    7.923612594604492,
    9.20326280593872,
    10.516043186187744,
    8.11147928237915,
    8.86522388458252
  ],
  "wasm::many::4": [
    0.4513702392578125,
    0.5608658790588379,
    0.5233221054077148,
    0.6137337684631348,
    0.5019431114196777,
    0.6292610168457031,
    0.5307707786560059,
    0.4632301330566406,
    0.5511550903320312,
    0.6285820007324219,
    0.5193638801574707,
    0.7002201080322266
  ],
  "jsFn::many::4": [
    0.03125905990600586,
    0.036103248596191406,
    0.03778696060180664,
    0.039060115814208984,
    0.035871028900146484,
    0.03902387619018555,
    0.03941917419433594,
    0.028048038482666016,
    0.03447532653808594,
    0.04369926452636719,
    0.034883975982666016,
    0.036685943603515625
  ],
  "js::many::4": [
    3.2179808616638184,
    4.195001125335693,
    4.493821144104004,
    4.449000835418701,
    3.2411370277404785,
    4.1230621337890625,
    3.761260986328125,
    3.3175082206726074,
    3.728954315185547,
    4.058749675750732,
    3.4219470024108887,
    4.238440990447998
  ],
  "wasm::single::40": [
    5.1784491539001465,
    7.272133827209473,
    6.820583343505859,
    6.337687015533447,
    5.580970287322998,
    7.745383262634277,
    6.818665981292725,
    5.46176290512085,
    6.854403972625732,
    7.4429450035095215,
    7.161022663116455,
    6.22549295425415
  ],
  "jsFn::single::40": [
    1.409193992614746,
    0.05134010314941406,
    0.050685882568359375,
    0.044895172119140625,
    1.0491580963134766,
    0.044023990631103516,
    0.05133867263793945,
    0.038704872131347656,
    0.04843282699584961,
    0.05754566192626953,
    0.054238319396972656,
    0.0542597770690918
  ],
  "js::single::40": [
    22.014682292938232,
    26.29012107849121,
    29.801058769226074,
    27.95330572128296,
    22.8110032081604,
    28.113967418670654,
    27.61911678314209,
    28.06120777130127,
    29.25495481491089,
    42.566433906555176,
    30.283493995666504,
    29.618218898773193
  ],
  "wasm::many::40": [
    2.5938029289245605,
    3.15472412109375,
    4.8302130699157715,
    3.343319892883301,
    3.8611860275268555,
    3.3911752700805664,
    3.999530792236328,
    3.3341622352600098,
    3.6855387687683105,
    3.70280122756958,
    3.5292811393737793,
    3.517056941986084
  ],
  "jsFn::many::40": [
    0.09190559387207031,
    0.1266469955444336,
    0.12127494812011719,
    0.1150350570678711,
    0.10665082931518555,
    0.2706489562988281,
    0.12374496459960938,
    0.20561742782592773,
    0.0955357551574707,
    0.12300825119018555,
    0.11156702041625977,
    0.12284612655639648
  ],
  "js::many::40": [
    10.541385173797607,
    12.954867839813232,
    19.71565866470337,
    13.043724060058594,
    11.385435581207275,
    12.392858028411865,
    12.457449913024902,
    12.892423152923584,
    13.980541706085205,
    22.464640140533447,
    11.991837978363037,
    13.403223991394043
  ],
  "wasm::single::400": [
    35.661720275878906,
    45.17763710021973,
    54.641067028045654,
    45.77826118469238,
    39.046207904815674,
    44.7174072265625,
    45.950557231903076,
    45.03375434875488,
    46.98063325881958,
    55.196560859680176,
    45.79675483703613,
    42.1481819152832
  ],
  "jsFn::single::400": [
    0.11371517181396484,
    0.12517070770263672,
    0.16488027572631836,
    0.14101696014404297,
    0.1695089340209961,
    0.15164709091186523,
    0.16325807571411133,
    0.14346599578857422,
    0.13616609573364258,
    0.14652490615844727,
    0.11149883270263672,
    0.13764190673828125
  ],
  "js::single::400": [
    120.00443696975708,
    136.64219903945923,
    166.52020502090454,
    146.6733160018921,
    159.41960334777832,
    141.35504293441772,
    145.20498609542847,
    127.36249732971191,
    153.7016839981079,
    160.9428505897522,
    132.01495599746704,
    137.4528956413269
  ],
  "wasm::many::400": [
    28.48267698287964,
    28.53501605987549,
    34.82333707809448,
    32.7902717590332,
    33.49962615966797,
    34.56609630584717,
    30.657997131347656,
    29.73381805419922,
    39.434772968292236,
    33.838043212890625,
    33.85844612121582,
    32.527554988861084
  ],
  "jsFn::many::400": [
    0.0358734130859375,
    0.036850929260253906,
    0.04387092590332031,
    0.03724193572998047,
    0.05261087417602539,
    0.03935575485229492,
    0.034673213958740234,
    0.03562498092651367,
    0.04438161849975586,
    0.043138980865478516,
    0.041229248046875,
    0.03601694107055664
  ],
  "js::many::400": [
    69.46213483810425,
    70.3045163154602,
    83.16081809997559,
    69.97620105743408,
    92.43498229980469,
    79.54508876800537,
    79.0977110862732,
    68.19143533706665,
    81.87546730041504,
    80.91704893112183,
    71.96728086471558,
    72.15766763687134
  ],
  "wasm::single::4000": [
    374.382936000824,
    377.6286840438843,
    375.4088807106018,
    364.6088891029358,
    424.425537109375,
    372.453980922699,
    373.3004331588745,
    375.0890598297119,
    363.9182720184326,
    421.9955711364746,
    368.0030736923218,
    372.80256366729736
  ],
  "jsFn::single::4000": [
    1.578794002532959,
    1.2719802856445312,
    1.672682285308838,
    1.2615890502929688,
    1.6024460792541504,
    1.2889032363891602,
    1.430222988128662,
    1.591017246246338,
    1.185807228088379,
    1.5241942405700684,
    1.2954521179199219,
    1.3454780578613281
  ],
  "js::single::4000": [
    1005.529345035553,
    1017.7418422698975,
    1033.6292691230774,
    979.8009309768677,
    1120.455463886261,
    1017.2389140129089,
    1005.4409818649292,
    987.9162139892578,
    987.9739632606506,
    1030.412974357605,
    976.567458152771,
    1057.2255387306213
  ],
  "wasm::many::4000": [
    238.32733297348022,
    221.9326992034912,
    225.70313119888306,
    228.99601888656616,
    235.58876037597656,
    223.6357274055481,
    221.68263006210327,
    227.26243495941162,
    224.7827639579773,
    244.27252006530762,
    224.29504919052124,
    228.9913387298584
  ],
  "jsFn::many::4000": [
    0.26395702362060547,
    0.2700061798095703,
    0.2654566764831543,
    0.2687530517578125,
    0.32284116744995117,
    0.27168893814086914,
    0.26389217376708984,
    0.27086830139160156,
    0.2520256042480469,
    0.28655290603637695,
    0.25669002532958984,
    0.27486610412597656
  ],
  "js::many::4000": [
    653.6395978927612,
    670.2275171279907,
    694.1287889480591,
    647.977484703064,
    682.0222392082214,
    691.017936706543,
    643.071530342102,
    647.3188390731812,
    664.7489080429077,
    663.9326272010803,
    675.1877598762512,
    808.8034648895264
  ],
  "wasm::single::40000": [
    3563.691285133362,
    3622.2661447525024,
    3636.737627029419,
    3631.6034150123596,
    3784.8655877113342,
    3554.92738199234,
    3520.2108087539673,
    3517.673843383789,
    3454.482165813446,
    3528.271333694458,
    3475.9578552246094,
    3706.1097960472107
  ],