{
  "wasm::many::1": [
    0.5382242202758789,
    0.5410971641540527,
    0.5667181015014648,
    0.5250101089477539,
    0.7503461837768555,
    0.5315799713134766,
    0.5724759101867676,
    0.5424032211303711,
    1.2876901626586914,
    0.5540742874145508,
    0.6515588760375977,
    0.5451416969299316,
    0.6642470359802246,
    0.6907763481140137,
    0.6606621742248535
  ],
  "jsFn::many::1": [
    0.022183895111083984,
    0.01908111572265625,
    0.02017688751220703,
    0.01805591583251953,
    0.0223388671875,
    0.018313884735107422,
    0.019063949584960938,
    0.022052288055419922,
    0.02873086929321289,
    0.019782066345214844,
    0.019485950469970703,
    0.018439292907714844,
    0.019355297088623047,
    0.022016048431396484,
    0.019309043884277344
  ],
  "js::many::1": [
    3.834232807159424,
    3.809988021850586,
    4.42568302154541,
    3.871677875518799,
    3.796989917755127,
    4.600222110748291,
    4.380707263946533,
    4.528353691101074,
    6.01279878616333,
    4.19788122177124,
    4.918024063110352,
    3.896841049194336,
    3.975461959838867,
    4.781067848205566,
    4.067385196685791
  ],
  "wasm::many::10": [
    0.23866605758666992,
    0.24289417266845703,
    0.4440178871154785,
    0.25748395919799805,
    0.2385110855102539,
    0.25070762634277344,
    0.2853360176086426,
    0.2776479721069336,
    0.3687930107116699,
    0.27976322174072266,
    0.3003420829772949,
    0.29562902450561523,
    0.276792049407959,
    0.27178096771240234,
    0.283017635345459
  ],
  "jsFn::many::10": [
    0.012372970581054688,
    0.009141921997070312,
    0.011194229125976562,
    0.009163379669189453,
    0.01483297348022461,
    0.009334087371826172,
    0.009573936462402344,
    0.008809566497802734,
    0.013392925262451172,
    0.009203910827636719,
    0.011087894439697266,
    0.010379314422607422,
    0.009716987609863281,
    0.00915384292602539,
    0.009822845458984375
  ],
  "js::many::10": [
    2.398179054260254,
    2.590765953063965,
    2.9842629432678223,
    2.7921900749206543,
    2.1589956283569336,
    1.9238343238830566,
    1.8405890464782715,
    2.0913867950439453,
    4.249512195587158,
    2.996354103088379,
    2.2960567474365234,
    2.7160840034484863,
    2.7528090476989746,
    3.143649101257324,
    2.675119400024414
  ],
  "wasm::many::100": [
    1.985182762145996,
    1.9516448974609375,
    2.623319149017334,
    2.765255928039551,
    2.3564319610595703,
    1.9956040382385254,
    2.0089707374572754,
    1.962799072265625,
    2.799686908721924,
    2.030280590057373,
    2.461120128631592,
    2.3416385650634766,
    2.0779709815979004,
    2.0080132484436035,
    1.9748778343200684
  ],
  "jsFn::many::100": [
    0.015414237976074219,
    0.01159524917602539,
    0.020749568939208984,
    0.015669822692871094,
    0.017473697662353516,
    0.012223243713378906,
    0.012164115905761719,
    0.015436172485351562,
    0.01728677749633789,
    0.012231826782226562,
    0.0130157470703125,
    0.014882087707519531,
    0.01380777359008789,
    0.015003681182861328,
    0.013299942016601562
  ],
  "js::many::100": [
    9.717995166778564,
    9.846692562103271,
    13.302726745605469,
    12.815989971160889,
    11.514714241027832,
    9.76340389251709,
    9.945113182067871,
    10.574117183685303,
    15.204270362854004,
    13.620244026184082,
    12.038072109222412,
    13.187985897064209,
    11.521399021148682,
    12.552160739898682,
    11.256788730621338
  ],
  "wasm::many::1000": [
    13.187180042266846,
    12.678274631500244,
    17.230655193328857,
    62.022347927093506,
    16.20924997329712,
    12.720229625701904,
    13.031493186950684,
    14.843963623046875,
    17.97815465927124,
    15.943041324615479,
    15.21296739578247,
    16.378520965576172,
    15.614633560180664,
    15.312464714050293,
    15.332083702087402
  ],
  "jsFn::many::1000": [
    0.10211372375488281,
    0.10754919052124023,
    0.1415271759033203,
    0.14100074768066406,
    0.13109874725341797,
    0.09340906143188477,
    0.09366846084594727,
    0.12844276428222656,
    0.12906599044799805,
    0.12041187286376953,
    0.11371088027954102,
    0.19579219818115234,
    0.11804723739624023,
    0.12782812118530273,
    0.1276249885559082
  ],
  "js::many::1000": [
    47.73389673233032,
    50.18094825744629,
    57.751330852508545,
    77.7048568725586,
    50.50039196014404,
    48.81320095062256,
    48.52696132659912,
    63.218809604644775,
    71.13723421096802,
    49.60698366165161,
    48.02785682678223,
    53.58906173706055,
    49.92360830307007,
    58.81215000152588,
    51.42974281311035
  ],
  "wasm::single::1": [
    0.5823478698730469,
    0.558497428894043,
    0.5657210350036621,
    0.5885410308837891,
    0.5498032569885254,
    0.5455269813537598,
    0.550602912902832,
    0.5442981719970703,
    0.6448392868041992,
    0.5617380142211914,
    0.5841250419616699,
    0.6172432899475098,
    0.6045827865600586,
    0.590144157409668,
    0.5420389175415039,
    0.7359342575073242,
    0.6334857940673828,
    0.5879850387573242,
    0.5963315963745117,
    1.000457763671875
  ],
  "jsFn::single::1": [
    0.018700122833251953,
    0.018813133239746094,
    0.019979000091552734,
    0.019031047821044922,
    0.01941204071044922,
    0.019627094268798828,
    0.018487930297851562,
    0.02242898941040039,
    0.019709110260009766,
    0.019587993621826172,
    0.018841266632080078,
    0.018946170806884766,
    0.024039268493652344,
    0.019478797912597656,
    0.023344039916992188,
    0.025871753692626953,
    0.018929004669189453,
    0.01868915557861328,
    0.018723011016845703,
    0.0261993408203125
  ],
  "js::single::1": [
    3.86838960647583,
    3.7921619415283203,
    3.7953686714172363,
    3.766867160797119,
    3.784554958343506,
    3.8713817596435547,
    3.7523889541625977,
    3.7924818992614746,
    3.8461809158325195,
    3.793348789215088,
    3.980712890625,
    4.313755035400391,
    3.718127727508545,
    3.803605079650879,
    3.951901912689209,
    5.69818115234375,
    3.849945068359375,
    3.8439292907714844,
    3.880654811859131,
    5.449541091918945
  ],
  "wasm::single::10": [
    0.5948257446289062,
    0.5891003608703613,
    0.6435661315917969,
    0.7398748397827148,
    0.5998640060424805,
    0.6054859161376953,
    0.5909290313720703,
    0.6001982688903809,
    0.7047867774963379,
    0.6312599182128906,
    0.5971131324768066,
    0.5969820022583008,
    0.5964760780334473,
    0.6140856742858887,
    0.6076216697692871,
    0.8306770324707031,
    0.5953640937805176,
    0.5891141891479492,
    0.6285977363586426,
    0.6345057487487793
  ],
  "jsFn::single::10": [
    0.07596969604492188,
    0.13164806365966797,
    0.07666492462158203,
    0.07468318939208984,
    0.07397317886352539,
    0.07484006881713867,
    0.07521438598632812,
    0.07502985000610352,
    0.07745218276977539,
    0.07637214660644531,
    0.07468223571777344,
    0.14521026611328125,
    0.07471179962158203,
    0.07568931579589844,
    0.0755000114440918,
    0.10576343536376953,
    0.07681989669799805,
    0.07615470886230469,
    0.07474613189697266,
    0.0755772590637207
  ],
  "js::single::10": [
    4.922539234161377,
    4.880164623260498,
    4.864538192749023,
    4.904296875,
    4.91315221786499,
    4.990754127502441,
    4.809277057647705,
    4.258579254150391,
    4.871869087219238,
    4.3131818771362305,
    5.077632904052734,
    4.3496599197387695,
    4.921268939971924,
    4.900548934936523,
    4.940311908721924,
    7.339916706085205,
    4.877545356750488,
    5.051465034484863,
    5.0067338943481445,
    6.081477642059326
  ],